{"sections":{"slideshow_8KKtNU":{"type":"slideshow","blocks":{"slider_item_YipJd4":{"type":"slider_item","settings":{"overlay_opacity":0,"slider_effect":"effect_fadeinup","subheading":"Sweater Collection","heading":"Online Exclusive","description":"","first_button_label":"Shop Collection","first_button_link":"shopify:\/\/collections\/sweaters","first_button_style":false,"second_button_label":"","second_button_link":"","second_button_style":false,"content_alignment":"left","content_position":"bottom-left","content_width":"full_width","content_max_width":100,"content_padding_block":60,"content_padding_inline":60,"show_content_background":false,"content_background":"#ffffff","content_box_opacity":100,"content_alignment_mobile":"center"}},"slider_item_iAiXpe":{"type":"slider_item","settings":{"overlay_opacity":0,"slider_effect":"effect_fadeindown","subheading":"Look Exclusive","heading":"High-Top Design","description":"","first_button_label":"Shop Collection","first_button_link":"shopify:\/\/collections\/crop-top","first_button_style":false,"second_button_label":"","second_button_link":"","second_button_style":false,"content_alignment":"left","content_position":"bottom-left","content_width":"full_width","content_max_width":100,"content_padding_block":60,"content_padding_inline":60,"show_content_background":false,"content_background":"#ffffff","content_box_opacity":100,"content_alignment_mobile":"center"}},"slider_item_jiLA39":{"type":"slider_item","settings":{"overlay_opacity":0,"slider_effect":"effect_zoomout","subheading":"Season Collection","heading":"Super Comfort","description":"","first_button_label":"Shop Collection","first_button_link":"shopify:\/\/collections\/best-seller","first_button_style":false,"second_button_label":"","second_button_link":"","second_button_style":false,"content_alignment":"left","content_position":"bottom-left","content_width":"full_width","content_max_width":100,"content_padding_block":60,"content_padding_inline":60,"show_content_background":false,"content_background":"#ffffff","content_box_opacity":100,"content_alignment_mobile":"center"}}},"block_order":["slider_item_YipJd4","slider_item_iAiXpe","slider_item_jiLA39"],"custom_css":[".h-full_screen {--height-topbar: 41px;}"],"settings":{"section_width":"full_width","slide_height":"full_screen","desktop_height":800,"mobile_height":300,"color_scheme":"scheme-c4fa9b2e-e94e-477a-a1f0-ab1da4f2a676","subheading_font_size":15,"subheading_font_weight":"subheading_weight","subheading_spacing_bottom":0,"heading_font_size":70,"heading_font_weight":"heading_weight","heading_uppercase":false,"heading_spacing_bottom":12,"des_font_size":19,"des_font_weight":"heading_weight","des_spacing_bottom":60,"show_arrow":true,"carousel_pagination":"show_dots","pagination_position":"center","autoplay":false,"autorotate_speed":5,"content_below_image":false,"padding_top":0,"padding_bottom":0,"reset_spacing":false}},"collection_list_VmEYkJ":{"type":"collection-list","blocks":{"collection_r7aTxN":{"type":"collection","settings":{"collection":"crop-top","collection_title":"Crop—Top"}},"collection_FUAzK4":{"type":"collection","settings":{"collection":"t-shirts","collection_title":""}},"collection_kUA3MH":{"type":"collection","settings":{"collection":"blazers","collection_title":""}},"collection_ctTBpd":{"type":"collection","settings":{"collection":"coats","collection_title":""}},"collection_fyfMEN":{"type":"collection","settings":{"collection":"sweaters","collection_title":""}},"collection_qdMHYe":{"type":"collection","settings":{"collection":"hoodies","collection_title":""}}},"block_order":["collection_r7aTxN","collection_FUAzK4","collection_kUA3MH","collection_ctTBpd","collection_fyfMEN","collection_qdMHYe"],"disabled":true,"settings":{"section_width":"fluid_container","color_scheme":"","heading":"Top Collections","description":"<p>Express your style with our standout collection—fashion meets sophistication.<\/p>","show_view_all_button":false,"header_size":"medium","header_alignment":"center","display_mode":"carousel","image_ratio":"square","custom_ratio":"","items_per_row":6,"column_gap":30,"collection_information_position":"below_image","design":"default","text_alignment":"center","show_product_count":false,"show_description":false,"font_size":16,"font_weight":"heading_weight","information_spacing":12,"rounded_image":true,"image_custom_width":true,"image_width":185,"show_arrow":false,"carousel_pagination":"show_dots","infinite":false,"autoplay":false,"autorotate_speed":5,"reveal":false,"items_per_row_mobile":3,"padding_top":0,"padding_bottom":0,"reset_spacing":false}},"products_carousel_AdKeFt":{"type":"products-carousel","disabled":true,"settings":{"section_width":"fluid_container","color_scheme":"","heading":"Best Selling","description":"Unmatched design—superior performance and customer satisfaction in one.","show_view_all_button":false,"header_size":"medium","header_alignment":"center","collection":"best-seller","items_to_show":5,"items_per_row":4,"column_gap":30,"show_banner":false,"sticky_banner":false,"banner_width":30,"position":"left","banner_link":"","banner_type":"image","video_url":"","video_autoplay":true,"show_arrow":true,"carousel_pagination":"show_dots_on_mobile","infinite":false,"autoplay":false,"autorotate_speed":5,"reveal":false,"items_per_row_mobile":2,"padding_top":0,"padding_bottom":10,"reset_spacing":false}},"image_with_text_overlay_UCk8b3":{"type":"image-with-text-overlay","blocks":{"subheading_Cztccn":{"type":"subheading","settings":{"subheading":"DEAL OF THE WEEK","font_size":13,"font_weight":"heading_weight","uppercase":true,"spacing_bottom":37}},"heading_4wpAw7":{"type":"heading","settings":{"heading":"One-Time Only","font_size":40,"font_weight":"heading_weight","uppercase":false,"spacing_bottom":5}},"description_U7bCcb":{"type":"description","settings":{"description":"<p>Explore our considered collection for the new season.<\/p>","font_size":15,"font_weight":"body_weight","spacing_bottom":35}},"timer_gVGLmg":{"type":"timer","settings":{"timer":"10-09-2026","expired_message":"Time expired","style":"default","font_size":36,"spacing_bottom":45}},"button_HtAwNF":{"type":"button","settings":{"first_button_label":"Get at Only $58.00","first_button_link":"shopify:\/\/products\/plain-cotton-undershirt-wide-neck","first_button_type":"primary","second_button_label":"","second_button_link":"","second_button_type":"primary","spacing_bottom":0}}},"block_order":["subheading_Cztccn","heading_4wpAw7","description_U7bCcb","timer_gVGLmg","button_HtAwNF"],"disabled":true,"settings":{"section_width":"full_width","color_scheme":"","overlay_opacity":0,"image_height":"adapt","desktop_height":410,"mobile_height":500,"content_alignment":"left","content_position":"middle-left","content_width":"fluid_container","content_max_width":100,"content_padding_block":30,"content_padding_inline":15,"show_content_background":false,"content_background":"#ffffff","content_box_opacity":100,"content_below_image":false,"content_alignment_mobile":"left","padding_top":0,"padding_bottom":0,"reset_spacing":true}},"scrolling_text_U3mttg":{"type":"scrolling-text","blocks":{"scrolling_text_Bmp7bG":{"type":"scrolling_text","settings":{"content":"Great-Free returns product within 10 days"}},"scrolling_text_7defWk":{"type":"scrolling_text","settings":{"content":"Subscribe and get 10% off your first purchase"}}},"block_order":["scrolling_text_Bmp7bG","scrolling_text_7defWk"],"disabled":true,"settings":{"section_width":"full_width","color_scheme":"scheme-accf3b11-ba40-4a3e-bafb-243ece6683ec","direction":"left","icon_between_item":"star","speed":13,"space_between_text":50,"font_size":13,"font_weight":"heading_weight","uppercase":true,"use_heading_font":true,"padding_top":25,"padding_bottom":25,"reset_spacing":true}},"divider_xPQYgr":{"type":"divider","disabled":true,"settings":{"section_width":"full_width","border_height":1,"border_color":"#ebebeb","reset_spacing":false}},"products_carousel_BrKFhr":{"type":"products-carousel","settings":{"section_width":"fluid_container","color_scheme":"","heading":"Trending Outfits","description":"Unmatched design—superior performance and customer satisfaction in one.","show_view_all_button":false,"header_size":"medium","header_alignment":"center","collection":"trending","items_to_show":5,"items_per_row":4,"column_gap":30,"show_banner":false,"sticky_banner":false,"banner_width":30,"position":"left","banner_link":"","banner_type":"image","video_url":"","video_autoplay":true,"show_arrow":true,"carousel_pagination":"show_dots_on_mobile","infinite":false,"autoplay":false,"autorotate_speed":5,"reveal":false,"items_per_row_mobile":2,"padding_top":0,"padding_bottom":0,"reset_spacing":false}},"product_testimonials_KNN6XE":{"type":"product-testimonials","blocks":{"testimonials_items_FQz4eH":{"type":"testimonials_items","settings":{"author_rating":5,"author_text":"<p>These are sooo pretty and very comfy. Perfect color as well. I love wearing these with a neutral top and Chelsea boots. Wicked cute...😍<\/p>","select_product":"basic-bright-green-rib-extreme-crop","author_name":"Carie-Gosée H."}},"testimonials_items_taknUR":{"type":"testimonials_items","settings":{"author_rating":5,"author_text":"<p>A perfect product, it keeps you very warm without over heating. True to size, I couldn't be happier with the purchase... Thank you! 🤗<\/p>","select_product":"balloon-sleeve-blouse-square-neck","author_name":"Cameron Smith."}},"testimonials_items_RV8Jjg":{"type":"testimonials_items","settings":{"author_rating":5,"author_text":"<p>A fantastic purchase! The product provides just the right amount of warmth without causing overheating. Highly recommend! 😊<\/p>","select_product":"slim-fit-basic-unpatterned-t-shirt","author_name":"Algistino Lionel."}}},"block_order":["testimonials_items_FQz4eH","testimonials_items_taknUR","testimonials_items_RV8Jjg"],"disabled":true,"settings":{"section_width":"fluid_container","color_scheme":"","heading":"Customer Say!","description":"<p>Customers love our products and we always strive to please them all.<\/p>","header_alignment":"center","header_size":"medium","design":"default","show_image":true,"show_verified_buyer":true,"img_position":"left","image_ratio":"square","custom_ratio":"","img_width":35,"framed":true,"rate_color":"#ff9c05","items_per_row":2,"column_gap":30,"show_arrow":true,"carousel_pagination":"show_dots_on_mobile","infinite":true,"autoplay":false,"autorotate_speed":5,"reveal":false,"items_per_row_mobile":1,"padding_top":0,"padding_bottom":0,"reset_spacing":false}},"rich_text_EcBgbR":{"type":"rich-text","blocks":{"heading_j3PNaT":{"type":"heading","settings":{"heading":"Hello! Everyday for Women's","font_size":36,"font_weight":"heading_weight","uppercase":false,"spacing_bottom":24}},"description_P9ehdd":{"type":"description","settings":{"description":"<p>Discover a collection of timeless wardrobe essentials, seamlessly transitioning from work to weekend. Inspired by travel, our America-designed pieces prioritize sustainability with natural fibers and mindful practices. Explore a range of <span style=\"text-decoration:underline\"><strong>tops<\/strong><\/span>, <span style=\"text-decoration:underline\"><strong>bottoms<\/strong><\/span>, <span style=\"text-decoration:underline\"><strong>sweaters<\/strong><\/span>, and accessories in versatile styles, featuring high-quality materials like cotton, linen, tencel, and wool. <\/p><p>Each piece is crafted with meticulous attention to detail, ensuring a perfect blend of comfort and elegance. Our designs emphasize clean lines and sophisticated silhouettes, making them suitable for any occasion. Whether you’re dressing up for a night out or keeping it casual, our collection offers endless styling possibilities. Embrace the essence of effortless chic with our thoughtfully designed wardrobe staples, and experience the harmony of style, quality, and sustainability. Join us in redefining modern fashion with a conscience.<\/p>","font_size":15,"font_weight":"body_weight","spacing_bottom":10}}},"block_order":["heading_j3PNaT","description_P9ehdd"],"disabled":true,"settings":{"section_width":"container","color_scheme":"","content_alignment":"center","content_max_width":77,"enable_expand_content":true,"expand_content_button":"See all Information","content_max_height":150,"padding_top":0,"padding_bottom":0,"reset_spacing":false}},"instagram_shop_nrVWcV":{"type":"instagram-shop","blocks":{"instagram_manual_upload_WnPgR7":{"type":"instagram_manual_upload","settings":{"more_info":"<p>We're totally smitten over this look! will you be creating a red or pink makeup look for valentine's day?<\/p><p>#cotton #glozin #trending #sale<\/p>","instagram_post_name":"glozin_store","link":"https:\/\/www.instagram.com\/p\/C8MFsIuv8G6\/?next=%2F&img_index=6","product__1":"anime-t-shirt-printed-short-sleeve","offset_top__1":55,"offset_left__1":8,"product__2":"basic-bright-green-rib-extreme-crop","offset_top__2":75,"offset_left__2":74,"product__3":"","offset_top__3":10,"offset_left__3":40,"product__4":"","offset_top__4":60,"offset_left__4":70,"product__5":"","offset_top__5":1,"offset_left__5":4}},"instagram_manual_upload_HNfRyy":{"type":"instagram_manual_upload","settings":{"more_info":"<p>We're totally smitten over this look! will you be creating a red or pink makeup look for valentine's day? <\/p><p>#cotton #glozin #trending #sale<\/p>","instagram_post_name":"glozin_store","link":"https:\/\/www.instagram.com\/p\/C8MFsIuv8G6\/?next=%2F&img_index=2","product__1":"balloon-sleeve-blouse-square-neck","offset_top__1":90,"offset_left__1":5,"product__2":"cotton-long-sleeve-crop-t-shirt","offset_top__2":32,"offset_left__2":97,"product__3":"","offset_top__3":10,"offset_left__3":40,"product__4":"","offset_top__4":60,"offset_left__4":70,"product__5":"","offset_top__5":1,"offset_left__5":4}},"instagram_manual_upload_XHACUJ":{"type":"instagram_manual_upload","settings":{"more_info":"<p>We're totally smitten over this look! will you be creating a red or pink makeup look for valentine's day?<\/p><p>#cotton #glozin #trending #sale<\/p>","instagram_post_name":"glozin_store","link":"https:\/\/www.instagram.com\/p\/C8MFsIuv8G6\/?next=%2F&img_index=5","product__1":"vital-seamless-high-neck-top","offset_top__1":20,"offset_left__1":20,"product__2":"crossover-short-sleeve-crop-top","offset_top__2":80,"offset_left__2":90,"product__3":"","offset_top__3":10,"offset_left__3":40,"product__4":"","offset_top__4":60,"offset_left__4":70,"product__5":"","offset_top__5":1,"offset_left__5":4}},"instagram_manual_upload_iHBcAC":{"type":"instagram_manual_upload","settings":{"more_info":"<p>We're totally smitten over this look! will you be creating a red or pink makeup look for valentine's day?<\/p><p>#cotton #glozin #trending #sale<\/p>","instagram_post_name":"glozin_store","link":"https:\/\/www.instagram.com\/p\/C8MFsIuv8G6\/?next=%2F&img_index=4","product__1":"plain-cotton-undershirt-wide-neck","offset_top__1":75,"offset_left__1":27,"product__2":"braid-detailed-sleeveless-flow-top","offset_top__2":90,"offset_left__2":22,"product__3":"","offset_top__3":10,"offset_left__3":40,"product__4":"","offset_top__4":60,"offset_left__4":70,"product__5":"","offset_top__5":1,"offset_left__5":4}},"instagram_manual_upload_ficYJ9":{"type":"instagram_manual_upload","settings":{"more_info":"<p>We're totally smitten over this look! will you be creating a red or pink makeup look for valentine's day?<\/p><p>#cotton #glozin #trending #sale<\/p>","instagram_post_name":"glozin_store","link":"https:\/\/www.instagram.com\/p\/C8MFsIuv8G6\/?next=%2F&img_index=1","product__1":"short-fit-sporty-round-neck-t-shirt","offset_top__1":87,"offset_left__1":45,"product__2":"plain-cotton-undershirt-wide-neck","offset_top__2":32,"offset_left__2":100,"product__3":"","offset_top__3":10,"offset_left__3":40,"product__4":"","offset_top__4":60,"offset_left__4":70,"product__5":"","offset_top__5":1,"offset_left__5":4}},"instagram_manual_upload_iWGFPW":{"type":"instagram_manual_upload","settings":{"more_info":"<p>We're totally smitten over this look! will you be creating a red or pink makeup look for valentine's day?<\/p><p>#cotton #glozin #trending #sale<\/p>","instagram_post_name":"glozin_store","link":"https:\/\/www.instagram.com\/p\/C8MFsIuv8G6\/?next=%2F&img_index=3","product__1":"plain-cotton-undershirt-wide-neck","offset_top__1":78,"offset_left__1":32,"product__2":"adjustable-minimalist-leather-bag","offset_top__2":95,"offset_left__2":80,"product__3":"","offset_top__3":10,"offset_left__3":40,"product__4":"","offset_top__4":60,"offset_left__4":70,"product__5":"","offset_top__5":1,"offset_left__5":4}}},"block_order":["instagram_manual_upload_WnPgR7","instagram_manual_upload_HNfRyy","instagram_manual_upload_XHACUJ","instagram_manual_upload_iHBcAC","instagram_manual_upload_ficYJ9","instagram_manual_upload_iWGFPW"],"disabled":true,"settings":{"section_width":"fluid_container","color_scheme":"","heading":"Shop by Gram","description":"<p>Inspire and let yourself be inspired, from one unique fashion to another.<\/p>","header_size":"medium","header_alignment":"center","image_ratio":"square","custom_ratio":"","hotspot_style":"plus","items_per_row":6,"column_gap":10,"show_arrow":true,"carousel_pagination":"show_dots_on_mobile","infinite":false,"autoplay":false,"autorotate_speed":5,"reveal":false,"items_per_row_mobile":2,"padding_top":0,"padding_bottom":10,"reset_spacing":false}},"icon_box_TRwJBD":{"type":"icon-box","blocks":{"icon_box_ACjiqA":{"type":"icon_box","settings":{"icon_svg":"free_shipping","custom_svg":"","heading":"Free Shipping","description":"<p>Enjoy free worldwide shipping and returns, with customs<br\/> and duties taxes included.<\/p>"}},"icon_box_RLNr9a":{"type":"icon_box","settings":{"icon_svg":"check_badge","custom_svg":"","heading":"Free Returns","description":"<p>Free returns within 15 days, please make sure the items<br\/> are in undamaged condition.<\/p>"}},"icon_box_tj4DJd":{"type":"icon_box","settings":{"icon_svg":"message_communications","custom_svg":"","heading":"Support Online","description":"<p>We support customers 24\/7, send questions we will<br\/> solve for you immediately.<\/p>"}}},"block_order":["icon_box_ACjiqA","icon_box_RLNr9a","icon_box_tj4DJd"],"settings":{"section_width":"fluid_container","color_scheme":"","type":"default","column_gap":30,"icon_position":"top","icon_size":32,"spacing":11,"content_alignment":"center","heading_font_size":16,"heading_font_weight":"heading_weight","heading_uppercase":false,"heading_spacing_bottom":10,"des_font_size":15,"des_font_weight":"body_weight","carousel_on_mobile":true,"items_per_row_mobile":"1","padding_top":0,"padding_bottom":0,"reset_spacing":true}}},"order":["slideshow_8KKtNU","collection_list_VmEYkJ","products_carousel_AdKeFt","image_with_text_overlay_UCk8b3","scrolling_text_U3mttg","divider_xPQYgr","products_carousel_BrKFhr","product_testimonials_KNN6XE","rich_text_EcBgbR","instagram_shop_nrVWcV","icon_box_TRwJBD"]}