{"layout":"password","sections":{"main":{"type":"main-password-content","blocks":{"heading_x6KeaR":{"type":"heading","settings":{"title":"Coming Soon","heading_color":"#111111","heading_fs":40,"heading_fw":600,"heading_tf":"unset","heading_mt":0,"heading_mb":15}},"subheading_QTQNhe":{"type":"subheading","settings":{"sub_title":"A great new website is under construction and it will be available soon.","subheading_color":"#444444","subheading_fs":14,"subheading_fw":400,"subheading_tf":"unset","subheading_mt":0,"subheading_mb":40}},"countdown_bn_JefPfA":{"type":"countdown_bn","settings":{"countdown_design":"countdown_design_1","bn_end_time":"12-24-2025","bn_txt_color":"","bn_txt_fs":16,"number_txt_fs":36,"bn_txt_fw":500,"bn_txt_tf":"unset","bn_txt_mt":0,"bn_txt_mb":50}},"form_subscribe_xrU4NM":{"type":"form_subscribe","settings":{"email_placeholder":"Enter your email...","btn_label":"Sign up","form_txt_mt":0,"form_txt_mb":50}},"text_UTYXfR":{"type":"text","settings":{"txt_content":"<p>This shop will be powered by Glozin - Multipurpose Premium Shopify theme (password: 1). Are you the store owner? <a href=\"\/blogs\/life-style\/swimsuits-for-the-whole-family-1\" target=\"_blank\" title=\"Swimsuits For The Whole Family\">Login Here!<\/a><\/p>","txt_fs":16,"txt_fw":400,"txt_tf":"unset","txt_mt":0,"txt_mb":25}}},"block_order":["heading_x6KeaR","subheading_QTQNhe","countdown_bn_JefPfA","form_subscribe_xrU4NM","text_UTYXfR"],"settings":{"banner_img":"shopify:\/\/shop_images\/bg_1.jpg","banner_position":"position-right","text_horizontal_position":"left","text_align":"left","content_width":100}}},"order":["main"]}