{"name":"t:sections.footer.name","type":"footer","sections":{"footer":{"type":"footer","blocks":{"link_list_JTq77M":{"type":"link_list","settings":{"heading":"","menu":"","content_width":"16%"}},"link_list_x4zwRH":{"type":"link_list","settings":{"heading":"","menu":"","content_width":"16%"}}},"block_order":["link_list_JTq77M","link_list_x4zwRH"],"settings":{"section_width":"fluid_container","color_scheme":"","enable_back_top":true,"separator_line":"all-page","enable_country_selector":true,"enable_language_selector":false,"enable_follow_on_shop":true,"show_social":true,"payment_enable":true,"payment_width":340,"copyright_text":"© 2024 Glozin store. All rights reserved.","footer_heading_size":16,"padding_top":60,"padding_bottom":45,"reset_spacing_on_homepage":false}}},"order":["footer"]}