{"current":{"purchase_code":"","favicon":"shopify:\/\/shop_images\/Favicon.png","logo":"shopify:\/\/shop_images\/logo.svg","desktop_logo_width":82,"page_width":1200,"fluid_container_width":1410,"spacing_desktop":90,"space_mobile":50,"body_font_size":15,"heading_text_transform":"unset","heading_letter_spacing":"negative","menu_font":"heading_font","sale_badge_type":"percent","sale_badge_addons":"countdown","new_background":"#3456e6","pre_order_background":"#6a33d8","sold_out_background":"#666666","custom_badge_background":"#14854e","product_alignment":"center","product_size":15,"price_size":15,"show_vendor":false,"show_secondary_image":true,"product_image_ratio":"portrait","show_action_on_mobile":true,"swatch_item_type":"variant_images","search_type":"default","search_result":"products","enable_search_suggestion":true,"popular_key_word":"t-shirt, dress, crop top","collection_suggestion":"best-seller","show_search_price":true,"show_message_when_remove":true,"action_after_add_cart":"open_drawer","free_shipping_minimum":"150","choose_gift_wrap_product":"digital-gift-card","product_recommendations_heading":"You may also like...","minicart_type":"show_beside","show_on_cart_page":true,"select_product_recommendations":["balloon-sleeve-blouse-square-neck","cotton-long-sleeve-striped-t-shirt","plain-cotton-undershirt-wide-neck"],"facebook":"#","instagram":"#","twitter":"","youtube":"#","tiktok":"#","pinterest":"#","vimeo":"","linkedin":"","whatsapp":"","scroll_animation":"fade_in","store_phone":"+1 (973) 435-3638","store_email":"info@fashionwomen.com","store_page":"our-store","heading_cookies":"","content_cookies":"<p>We use cookies to enhance your browsing experience, serve personalized ads or content, and analyze our traffics. By clicking \"<strong>Allow Cookies<\/strong>\" you consent to our use of cookie.<\/p>","label_allow":"Allow Cookies","label_refuse":"","page_terms_conditions":"term-and-conditions","rate_color":"#ea0606","color_schemes":{"default":{"settings":{"background":"#ffffff","background_gradient":"","primary_color":"#d0473e","text_color":"#444444","heading_color":"#111111","border_color":"#ebebeb","btn_primary_color":"#ffffff","btn_primary_background":"#111111","btn_primary_hover_color":"#ffffff","btn_primary_hover_background":"#000000","btn_outline_color":"#111111","btn_outline_border_color":"#111111","button_link_color":"#111111","button_link_hover_color":"#111111"}},"scheme-4faf0e4d-27f4-4d02-bc51-617383bab1a9":{"settings":{"background":"#111111","background_gradient":"","primary_color":"#999999","text_color":"#ffffff","heading_color":"#ffffff","border_color":"#ebebeb","btn_primary_color":"#ffffff","btn_primary_background":"#111111","btn_primary_hover_color":"#111111","btn_primary_hover_background":"#ffffff","btn_outline_color":"#111111","btn_outline_border_color":"#111111","button_link_color":"#111111","button_link_hover_color":"#111111"}},"scheme-bb1431b0-be4a-4b03-a450-f572c07e3904":{"settings":{"background":"#253230","background_gradient":"","primary_color":"#d0473e","text_color":"#f3fc81","heading_color":"#f3fc81","border_color":"#ebebeb","btn_primary_color":"#ffffff","btn_primary_background":"#111111","btn_primary_hover_color":"#ffffff","btn_primary_hover_background":"#111111","btn_outline_color":"#111111","btn_outline_border_color":"#111111","button_link_color":"#111111","button_link_hover_color":"#111111"}},"scheme-3d10de96-a479-49bd-819c-e044746b4f3e":{"settings":{"background":"#ffffff","background_gradient":"","primary_color":"#d0473e","text_color":"#ffffff","heading_color":"#ffffff","border_color":"#ebebeb","btn_primary_color":"#111111","btn_primary_background":"#ffffff","btn_primary_hover_color":"#111111","btn_primary_hover_background":"#ffffff","btn_outline_color":"#111111","btn_outline_border_color":"#111111","button_link_color":"#111111","button_link_hover_color":"#111111"}},"scheme-2b5c6c91-201d-4fb1-aba3-e6d562656976":{"settings":{"background":"#f5f5f5","background_gradient":"","primary_color":"#d0473e","text_color":"#444444","heading_color":"#111111","border_color":"#ebebeb","btn_primary_color":"#ffffff","btn_primary_background":"#111111","btn_primary_hover_color":"#ffffff","btn_primary_hover_background":"#111111","btn_outline_color":"#111111","btn_outline_border_color":"#111111","button_link_color":"#111111","button_link_hover_color":"#111111"}},"scheme-accf3b11-ba40-4a3e-bafb-243ece6683ec":{"settings":{"background":"#ffffff","background_gradient":"","primary_color":"#d0473e","text_color":"#111111","heading_color":"#111111","border_color":"#ebebeb","btn_primary_color":"#ffffff","btn_primary_background":"#111111","btn_primary_hover_color":"#ffffff","btn_primary_hover_background":"#111111","btn_outline_color":"#111111","btn_outline_border_color":"#111111","button_link_color":"#111111","button_link_hover_color":"#111111"}}},"sections":{"custom-colors":{"type":"custom-colors","blocks":{"color_aQceXa":{"type":"color","settings":{"heading":"azure","color_code":""}}},"block_order":["color_aQceXa"],"settings":{}},"product-quickview":{"type":"product-quickview","blocks":{"badges_NhM4GM":{"type":"badges","settings":{}},"title_txJBrx":{"type":"title","settings":{"show_vendor":false}},"rate_QwRHyp":{"type":"rate","settings":{}},"price_NNg9B8":{"type":"price","settings":{}},"description_pKXRJa":{"type":"description","settings":{}},"variant_picker_MQYkTJ":{"type":"variant_picker","settings":{}},"buy_buttons_pDYNX9":{"type":"buy_buttons","settings":{"show_dynamic_checkout":true}}},"block_order":["badges_NhM4GM","title_txJBrx","rate_QwRHyp","price_NNg9B8","description_pKXRJa","variant_picker_MQYkTJ","buy_buttons_pDYNX9"],"settings":{}},"mobile-navigation-bar":{"type":"mobile-navigation-bar","settings":{"eb_mobile_navbar":false,"show_homepage":true,"show_shop":true,"show_account":true,"show_cart":true,"show_wishlist":true}},"fake-order":{"type":"fake-order","settings":{"show_fake_order":false,"disable_mobile":false,"fake_product":["anime-t-shirt-printed-short-sleeve","balloon-sleeve-blouse-square-neck","basic-bright-green-rib-extreme-crop","braid-detailed-sleeveless-flow-top"],"fake_user":"Jonson (California) | Tony (Texas) | Bruno (New York) | Eren (Ohio) | Lauren (Washington) | Flortino (California) | Blue (Ohio)","text_verify":"Verify","delay_time":"5000","display_time":"6000"}}},"content_for_index":[]},"presets":{"Default":{}}}